;      train/box_loss;      train/obj_loss;      train/cls_loss;   metrics/precision;      metrics/recall;     metrics/mAP_0.5;metrics/mAP_0.5:0.95;        val/box_loss;        val/obj_loss;        val/cls_loss;               x/lr0;               x/lr1;               x/lr2
0;0.095187;0.019621;0;0.0016006;0.9646;0.032896;0.011465;0.080219;0.006422;0;0.070714;0.003254;0.003254
1;0.065331;0.013092;0;0.0015272;0.92035;0.058618;0.01734;0.077616;0.0055268;0;0.040698;0.006571;0.006571
2;0.060357;0.012236;0;0.033437;0.10619;0.014454;0.0038633;0.086886;0.0038666;0;0.010665;0.0098715;0.0098715
3;0.060334;0.011337;0;0.07002;0.22124;0.037473;0.0090376;0.083203;0.0092163;0;0.0099258;0.0099258;0.0099258
4;0.059467;0.011794;0;0.093716;0.070796;0.01659;0.0051915;0.12234;0.0037466;0;0.0099258;0.0099258;0.0099258
5;0.058359;0.011562;0;0.16409;0.035398;0.034073;0.010693;0.078533;0.0036534;0;0.009901;0.009901;0.009901
6;0.055628;0.011225;0;0.21879;0.20354;0.12262;0.036887;0.070296;0.0046799;0;0.0098763;0.0098763;0.0098763
7;0.055142;0.010999;0;0.012117;0.58407;0.087955;0.034295;0.0682;0.00438;0;0.0098515;0.0098515;0.0098515
8;0.051696;0.010929;0;0.45237;0.29241;0.34141;0.14594;0.066875;0.0041826;0;0.0098268;0.0098268;0.0098268
9;0.053711;0.010379;0;0.21842;0.39571;0.16152;0.069105;0.054658;0.0045832;0;0.009802;0.009802;0.009802
10;0.050123;0.010655;0;0.14451;0.23894;0.10655;0.036479;0.060051;0.006218;0;0.0097773;0.0097773;0.0097773
11;0.048415;0.010361;0;0.54085;0.52121;0.50936;0.2106;0.055727;0.0038902;0;0.0097525;0.0097525;0.0097525
12;0.049959;0.01045;0;0.17955;0.27434;0.14386;0.072368;0.067572;0.0060508;0;0.0097278;0.0097278;0.0097278
13;0.045552;0.0097398;0;0.46736;0.47788;0.40456;0.1872;0.055765;0.0038433;0;0.009703;0.009703;0.009703
14;0.04619;0.0097861;0;0.79974;0.56545;0.61588;0.36866;0.056968;0.0036716;0;0.0096783;0.0096783;0.0096783
15;0.044333;0.0094234;0;0.62649;0.46014;0.46415;0.17597;0.057897;0.0036008;0;0.0096535;0.0096535;0.0096535
16;0.046949;0.010158;0;0.69025;0.55219;0.59329;0.32179;0.053178;0.0041192;0;0.0096288;0.0096288;0.0096288
17;0.046022;0.0096379;0;0.32322;0.24779;0.20515;0.10632;0.063356;0.0046326;0;0.009604;0.009604;0.009604
18;0.042231;0.0093682;0;0.68867;0.61947;0.68017;0.41037;0.057474;0.0034527;0;0.0095793;0.0095793;0.0095793
19;0.042088;0.0091337;0;0.37889;0.26549;0.26059;0.1355;0.055908;0.0045929;0;0.0095545;0.0095545;0.0095545
20;0.0403;0.0090091;0;0.689;0.6274;0.66303;0.41823;0.052266;0.0034488;0;0.0095298;0.0095298;0.0095298
21;0.040661;0.0087482;0;0.48804;0.30973;0.32995;0.1809;0.05323;0.0045077;0;0.009505;0.009505;0.009505
22;0.042418;0.0088514;0;0.71048;0.60807;0.69241;0.43084;0.053873;0.0037005;0;0.0094803;0.0094803;0.0094803
23;0.04156;0.0088014;0;0.66552;0.5811;0.59671;0.34084;0.044872;0.0035497;0;0.0094555;0.0094555;0.0094555
24;0.041315;0.0090732;0;0.34349;0.38053;0.30678;0.15164;0.06833;0.0045403;0;0.0094307;0.0094307;0.0094307
25;0.042028;0.0086367;0;0.7031;0.6916;0.70571;0.462;0.053289;0.003328;0;0.009406;0.009406;0.009406
26;0.039246;0.008556;0;0.68685;0.52212;0.62173;0.36009;0.049302;0.0035218;0;0.0093813;0.0093813;0.0093813
27;0.042145;0.0086851;0;0.62169;0.15044;0.24954;0.13851;0.059087;0.00675;0;0.0093565;0.0093565;0.0093565
28;0.040429;0.0087271;0;0.76375;0.65802;0.68032;0.39781;0.051107;0.0034158;0;0.0093317;0.0093317;0.0093317
29;0.039583;0.0083178;0;0.69572;0.62832;0.63935;0.41211;0.045892;0.0033798;0;0.009307;0.009307;0.009307
30;0.038467;0.0084378;0;0.41249;0.37168;0.32262;0.16271;0.065632;0.0053024;0;0.0092823;0.0092823;0.0092823
31;0.040629;0.0083486;0;0.75533;0.68302;0.75491;0.46386;0.057098;0.0032299;0;0.0092575;0.0092575;0.0092575
32;0.040441;0.0085187;0;0.50274;0.60177;0.53987;0.33063;0.059952;0.0042444;0;0.0092327;0.0092327;0.0092327
33;0.039296;0.0084867;0;0.82506;0.70952;0.79142;0.51855;0.045649;0.0029296;0;0.009208;0.009208;0.009208
34;0.039901;0.008338;0;0.64486;0.49815;0.55492;0.33909;0.044498;0.0040907;0;0.0091833;0.0091833;0.0091833
35;0.039307;0.0083484;0;0.84629;0.68211;0.77722;0.46381;0.048861;0.0033348;0;0.0091585;0.0091585;0.0091585
36;0.038016;0.0080759;0;0.77025;0.65272;0.7186;0.45278;0.042779;0.003311;0;0.0091337;0.0091337;0.0091337
37;0.038188;0.0077981;0;0.67906;0.61947;0.64605;0.42288;0.045329;0.003281;0;0.009109;0.009109;0.009109
38;0.038315;0.0081423;0;0.88798;0.39823;0.54336;0.2992;0.059934;0.004771;0;0.0090843;0.0090843;0.0090843
39;0.037139;0.0083216;0;0.76643;0.52271;0.65181;0.39281;0.049991;0.0038172;0;0.0090595;0.0090595;0.0090595
40;0.039863;0.0082068;0;0.84923;0.65487;0.73067;0.4506;0.043992;0.0031902;0;0.0090347;0.0090347;0.0090347
41;0.036754;0.0081994;0;0.58331;0.58225;0.52884;0.26468;0.047614;0.0040546;0;0.00901;0.00901;0.00901
42;0.036479;0.0079575;0;0.82738;0.72109;0.76892;0.519;0.047591;0.0027964;0;0.0089853;0.0089853;0.0089853
43;0.036069;0.00763;0;0.86567;0.74142;0.8147;0.55935;0.04238;0.0027113;0;0.0089605;0.0089605;0.0089605
44;0.03395;0.0079313;0;0.74779;0.62973;0.74502;0.50766;0.042604;0.0034705;0;0.0089358;0.0089358;0.0089358
45;0.036211;0.0074924;0;0.83442;0.67257;0.73439;0.5325;0.043285;0.0031864;0;0.008911;0.008911;0.008911
46;0.034424;0.0075741;0;0.80646;0.71681;0.79743;0.56097;0.047962;0.0030262;0;0.0088863;0.0088863;0.0088863
47;0.034221;0.007609;0;0.85198;0.76991;0.8117;0.54925;0.038152;0.0028833;0;0.0088615;0.0088615;0.0088615
48;0.036075;0.0077041;0;0.80586;0.65487;0.74265;0.48826;0.045532;0.0033364;0;0.0088368;0.0088368;0.0088368
49;0.035215;0.0077205;0;0.87315;0.73099;0.79796;0.54841;0.043395;0.0030984;0;0.008812;0.008812;0.008812
50;0.034224;0.0076171;0;0.87387;0.72566;0.80142;0.56691;0.045291;0.0029654;0;0.0087872;0.0087872;0.0087872
51;0.034501;0.0075948;0;0.67079;0.59505;0.6479;0.39229;0.055638;0.0037185;0;0.0087625;0.0087625;0.0087625
52;0.035289;0.0072613;0;0.73863;0.67257;0.69218;0.42189;0.051461;0.0037333;0;0.0087378;0.0087378;0.0087378
53;0.034863;0.0074614;0;0.86446;0.6773;0.77429;0.54946;0.038948;0.0032547;0;0.008713;0.008713;0.008713
54;0.034644;0.007125;0;0.88141;0.77876;0.85283;0.54859;0.040749;0.0029562;0;0.0086882;0.0086882;0.0086882
55;0.033296;0.0071384;0;0.7861;0.69912;0.78272;0.51881;0.041717;0.0030684;0;0.0086635;0.0086635;0.0086635
56;0.035868;0.0074672;0;0.73721;0.55752;0.57102;0.34537;0.059002;0.0037973;0;0.0086388;0.0086388;0.0086388
57;0.034197;0.0072983;0;0.72966;0.66882;0.729;0.48622;0.040886;0.0032589;0;0.008614;0.008614;0.008614
58;0.035254;0.0075033;0;0.81129;0.76092;0.78185;0.53291;0.045108;0.0031366;0;0.0085893;0.0085893;0.0085893
59;0.0335;0.0072277;0;0.60367;0.55267;0.58285;0.34803;0.050113;0.0037612;0;0.0085645;0.0085645;0.0085645
60;0.032844;0.0072942;0;0.85097;0.75802;0.81465;0.52994;0.046708;0.0028631;0;0.0085398;0.0085398;0.0085398
61;0.033564;0.0071473;0;0.80716;0.70379;0.80475;0.58442;0.038906;0.0027792;0;0.008515;0.008515;0.008515
62;0.031585;0.0073318;0;0.87155;0.76106;0.837;0.60772;0.04122;0.0026301;0;0.0084903;0.0084903;0.0084903
63;0.033683;0.0071157;0;0.93178;0.72527;0.83178;0.52731;0.038;0.0029706;0;0.0084655;0.0084655;0.0084655
64;0.033412;0.0069032;0;0.85191;0.73451;0.8133;0.56956;0.040158;0.0027571;0;0.0084408;0.0084408;0.0084408
65;0.034296;0.0073913;0;0.74607;0.70204;0.76314;0.47587;0.05116;0.0032754;0;0.008416;0.008416;0.008416
66;0.034127;0.0069922;0;0.83344;0.70849;0.79051;0.52533;0.040427;0.0030752;0;0.0083913;0.0083913;0.0083913
67;0.032641;0.0069979;0;0.88601;0.75221;0.87601;0.60015;0.041201;0.0027167;0;0.0083665;0.0083665;0.0083665
68;0.032639;0.0071383;0;0.83136;0.69803;0.79479;0.51693;0.042454;0.0031607;0;0.0083418;0.0083418;0.0083418
69;0.031511;0.0069614;0;0.79508;0.7554;0.82151;0.58678;0.041627;0.0027212;0;0.008317;0.008317;0.008317
70;0.032327;0.0067866;0;0.86234;0.7207;0.83168;0.61663;0.043564;0.0026354;0;0.0082922;0.0082922;0.0082922
71;0.032339;0.0069557;0;0.7841;0.80531;0.83891;0.58935;0.038134;0.0026179;0;0.0082675;0.0082675;0.0082675
72;0.033972;0.007203;0;0.87433;0.80044;0.86844;0.60399;0.042277;0.0027057;0;0.0082428;0.0082428;0.0082428
73;0.032663;0.0069797;0;0.82958;0.65487;0.75867;0.53597;0.046031;0.0030434;0;0.008218;0.008218;0.008218
74;0.030847;0.0069993;0;0.86538;0.74336;0.82528;0.53589;0.040048;0.0030844;0;0.0081932;0.0081932;0.0081932
75;0.0326;0.0068021;0;0.83569;0.78761;0.81354;0.58316;0.041384;0.0030395;0;0.0081685;0.0081685;0.0081685
76;0.032525;0.0066459;0;0.87935;0.71681;0.80145;0.55534;0.0393;0.003167;0;0.0081437;0.0081437;0.0081437
77;0.03204;0.0067034;0;0.88428;0.81149;0.87772;0.6742;0.041912;0.0023476;0;0.008119;0.008119;0.008119
78;0.03279;0.0068858;0;0.85352;0.69912;0.79618;0.57123;0.037759;0.0029025;0;0.0080942;0.0080942;0.0080942
79;0.032135;0.0067271;0;0.89358;0.75221;0.87843;0.60141;0.038389;0.0027232;0;0.0080695;0.0080695;0.0080695
80;0.031959;0.0067511;0;0.73094;0.72566;0.79786;0.56579;0.038832;0.0027769;0;0.0080447;0.0080447;0.0080447
81;0.031946;0.0068552;0;0.84839;0.69332;0.81478;0.60842;0.040511;0.0028194;0;0.00802;0.00802;0.00802
82;0.032747;0.0064972;0;0.87156;0.78068;0.83512;0.59074;0.041784;0.0031803;0;0.0079953;0.0079953;0.0079953
83;0.030042;0.006487;0;0.83442;0.84733;0.87256;0.631;0.036831;0.0023642;0;0.0079705;0.0079705;0.0079705
84;0.031197;0.006559;0;0.89805;0.85749;0.89466;0.68366;0.039874;0.0022764;0;0.0079457;0.0079457;0.0079457
85;0.030221;0.0065619;0;0.88024;0.78052;0.8711;0.6491;0.036212;0.0024764;0;0.007921;0.007921;0.007921
86;0.031174;0.0066169;0;0.86298;0.85841;0.91038;0.61614;0.038167;0.0026609;0;0.0078963;0.0078963;0.0078963
87;0.032566;0.0067732;0;0.80564;0.76106;0.84699;0.61482;0.036191;0.0027657;0;0.0078715;0.0078715;0.0078715
88;0.031053;0.0065666;0;0.88236;0.73019;0.82999;0.59576;0.04308;0.0026206;0;0.0078467;0.0078467;0.0078467
89;0.031638;0.0064996;0;0.85223;0.71452;0.82123;0.61712;0.042852;0.0027071;0;0.007822;0.007822;0.007822
90;0.031724;0.0065918;0;0.84284;0.81416;0.86213;0.66914;0.033286;0.0024521;0;0.0077973;0.0077973;0.0077973
91;0.030576;0.0067518;0;0.92624;0.77793;0.88336;0.68835;0.036191;0.002323;0;0.0077725;0.0077725;0.0077725
92;0.028933;0.0065688;0;0.85823;0.82301;0.88587;0.65356;0.036716;0.0023526;0;0.0077478;0.0077478;0.0077478
93;0.030646;0.0064016;0;0.84529;0.76106;0.87312;0.65781;0.034593;0.0023602;0;0.007723;0.007723;0.007723
94;0.031255;0.0063663;0;0.88404;0.81416;0.89739;0.68531;0.034137;0.0024154;0;0.0076983;0.0076983;0.0076983
95;0.031877;0.0070454;0;0.91277;0.74088;0.8641;0.62707;0.032233;0.0028342;0;0.0076735;0.0076735;0.0076735
96;0.030791;0.0067684;0;0.78041;0.80531;0.79883;0.54677;0.03664;0.002741;0;0.0076488;0.0076488;0.0076488
97;0.032196;0.0066504;0;0.88219;0.79521;0.87727;0.61534;0.031568;0.002615;0;0.007624;0.007624;0.007624
98;0.029031;0.00666;0;0.86939;0.8247;0.88862;0.65265;0.031677;0.0024796;0;0.0075993;0.0075993;0.0075993
99;0.029645;0.0064542;0;0.9587;0.82179;0.90617;0.67716;0.036228;0.002385;0;0.0075745;0.0075745;0.0075745
100;0.02998;0.0062958;0;0.89282;0.84071;0.8981;0.6664;0.03528;0.002426;0;0.0075498;0.0075498;0.0075498
101;0.029205;0.0064783;0;0.91106;0.81584;0.89594;0.68661;0.032491;0.0022835;0;0.007525;0.007525;0.007525
102;0.029673;0.0062301;0;0.78953;0.78761;0.84672;0.64113;0.03398;0.002469;0;0.0075003;0.0075003;0.0075003
103;0.030145;0.006313;0;0.9041;0.84071;0.9019;0.62483;0.03651;0.0025252;0;0.0074755;0.0074755;0.0074755
104;0.028634;0.0065478;0;0.89838;0.76991;0.86107;0.59254;0.031709;0.0028227;0;0.0074507;0.0074507;0.0074507
105;0.029908;0.0062033;0;0.91252;0.77876;0.90096;0.69293;0.030883;0.0022845;0;0.007426;0.007426;0.007426
106;0.030094;0.006302;0;0.89469;0.84071;0.91395;0.67337;0.035017;0.0022946;0;0.0074013;0.0074013;0.0074013
107;0.030441;0.006234;0;0.87098;0.71681;0.83423;0.60476;0.033949;0.0027887;0;0.0073765;0.0073765;0.0073765
108;0.028914;0.0065742;0;0.89307;0.65487;0.76239;0.50597;0.042363;0.0032877;0;0.0073517;0.0073517;0.0073517
109;0.02981;0.0065455;0;0.82811;0.84071;0.89778;0.68746;0.029127;0.0023175;0;0.007327;0.007327;0.007327
110;0.028542;0.0059787;0;0.92828;0.80181;0.89342;0.64523;0.031387;0.0025524;0;0.0073023;0.0073023;0.0073023
111;0.030046;0.0062843;0;0.86579;0.76991;0.84353;0.59878;0.036656;0.0027547;0;0.0072775;0.0072775;0.0072775
112;0.029203;0.0063728;0;0.91079;0.82301;0.87264;0.64713;0.03257;0.0025483;0;0.0072527;0.0072527;0.0072527
113;0.028963;0.0061131;0;0.86869;0.76106;0.82991;0.6114;0.033962;0.0027009;0;0.007228;0.007228;0.007228
114;0.028784;0.0062032;0;0.84997;0.85232;0.87998;0.63341;0.03546;0.0025566;0;0.0072033;0.0072033;0.0072033
115;0.029661;0.0061425;0;0.86039;0.76356;0.85863;0.63718;0.035019;0.0026616;0;0.0071785;0.0071785;0.0071785
116;0.027647;0.0064198;0;0.93155;0.72269;0.86948;0.66022;0.034453;0.0024721;0;0.0071538;0.0071538;0.0071538
117;0.02946;0.0062078;0;0.94821;0.80531;0.91468;0.73081;0.032511;0.002269;0;0.007129;0.007129;0.007129
118;0.03059;0.0063004;0;0.86295;0.84956;0.89521;0.67432;0.034876;0.0022995;0;0.0071042;0.0071042;0.0071042
119;0.027806;0.005963;0;0.90781;0.83186;0.92189;0.68774;0.03773;0.0022358;0;0.0070795;0.0070795;0.0070795
120;0.030191;0.0061205;0;0.82188;0.81668;0.86734;0.61227;0.034232;0.0026301;0;0.0070547;0.0070547;0.0070547
121;0.029203;0.0062233;0;0.89484;0.82833;0.89289;0.67996;0.033618;0.0023345;0;0.00703;0.00703;0.00703
122;0.028074;0.0059957;0;0.83386;0.79953;0.87743;0.65742;0.033959;0.0024794;0;0.0070053;0.0070053;0.0070053
123;0.027697;0.0062961;0;0.90779;0.87128;0.91688;0.68555;0.033107;0.0022123;0;0.0069805;0.0069805;0.0069805
124;0.029063;0.0060395;0;0.92263;0.82301;0.91991;0.71021;0.030765;0.0021828;0;0.0069558;0.0069558;0.0069558
125;0.029573;0.0059127;0;0.94099;0.74336;0.87048;0.63309;0.03457;0.0025939;0;0.006931;0.006931;0.006931
126;0.02986;0.0061004;0;0.83224;0.87611;0.91046;0.6873;0.032112;0.0023824;0;0.0069063;0.0069063;0.0069063
127;0.029012;0.0059954;0;0.86441;0.85841;0.90513;0.68238;0.036987;0.0023853;0;0.0068815;0.0068815;0.0068815
128;0.028289;0.0058834;0;0.8156;0.84071;0.89588;0.69325;0.031087;0.0023298;0;0.0068568;0.0068568;0.0068568
129;0.028822;0.0059786;0;0.90645;0.77176;0.89285;0.68127;0.033097;0.002397;0;0.006832;0.006832;0.006832
130;0.028189;0.0061402;0;0.88151;0.85841;0.91155;0.68875;0.029852;0.002381;0;0.0068073;0.0068073;0.0068073
131;0.026996;0.0059523;0;0.88346;0.80502;0.89664;0.68151;0.031727;0.0024258;0;0.0067825;0.0067825;0.0067825
132;0.028452;0.0060793;0;0.90307;0.81416;0.89929;0.67585;0.029483;0.0025433;0;0.0067577;0.0067577;0.0067577
133;0.028451;0.0060377;0;0.91397;0.84621;0.92171;0.70366;0.034371;0.0021242;0;0.006733;0.006733;0.006733
134;0.028665;0.0058465;0;0.90751;0.84071;0.91832;0.71912;0.034889;0.0021706;0;0.0067082;0.0067082;0.0067082
135;0.029078;0.0059986;0;0.8459;0.80531;0.88764;0.67173;0.032505;0.0023586;0;0.0066835;0.0066835;0.0066835
136;0.026735;0.0058331;0;0.91612;0.77876;0.89086;0.65671;0.030973;0.0025554;0;0.0066587;0.0066587;0.0066587
137;0.027239;0.0058475;0;0.88291;0.84956;0.91141;0.69217;0.029499;0.0024912;0;0.006634;0.006634;0.006634
138;0.02719;0.005926;0;0.88739;0.84956;0.90937;0.70389;0.028359;0.0022014;0;0.0066092;0.0066092;0.0066092
139;0.028446;0.0058782;0;0.81788;0.84071;0.8774;0.6728;0.033563;0.0023404;0;0.0065845;0.0065845;0.0065845
140;0.027708;0.0061884;0;0.90874;0.88496;0.9218;0.72183;0.031221;0.0022228;0;0.0065598;0.0065598;0.0065598
141;0.027521;0.0059707;0;0.95241;0.85841;0.92063;0.72466;0.028959;0.0021521;0;0.006535;0.006535;0.006535
142;0.027672;0.005822;0;0.86587;0.85695;0.8903;0.65172;0.029709;0.0024565;0;0.0065102;0.0065102;0.0065102
143;0.026758;0.005808;0;0.85209;0.84956;0.90062;0.71654;0.030336;0.0023723;0;0.0064855;0.0064855;0.0064855
144;0.027042;0.00594;0;0.91188;0.85841;0.93;0.72995;0.031129;0.0020906;0;0.0064608;0.0064608;0.0064608
145;0.027908;0.0059337;0;0.90805;0.87397;0.9256;0.70412;0.033909;0.0021619;0;0.006436;0.006436;0.006436
146;0.027488;0.0058597;0;0.89726;0.86726;0.92556;0.70429;0.033035;0.0021365;0;0.0064112;0.0064112;0.0064112
147;0.026467;0.0056931;0;0.95916;0.83145;0.91857;0.69763;0.034125;0.0023647;0;0.0063865;0.0063865;0.0063865
148;0.02786;0.0056597;0;0.89274;0.88387;0.92738;0.72871;0.033232;0.0021935;0;0.0063618;0.0063618;0.0063618
149;0.026691;0.0057401;0;0.93236;0.85391;0.93696;0.75415;0.032465;0.0020917;0;0.006337;0.006337;0.006337
150;0.026959;0.006004;0;0.93294;0.86188;0.92114;0.72973;0.033698;0.0021087;0;0.0063122;0.0063122;0.0063122
151;0.025716;0.0055486;0;0.93851;0.82301;0.92054;0.73843;0.034118;0.0022137;0;0.0062875;0.0062875;0.0062875
152;0.024751;0.0053655;0;0.92734;0.87611;0.9289;0.73732;0.02942;0.0021409;0;0.0062628;0.0062628;0.0062628
153;0.025692;0.0058013;0;0.90813;0.87611;0.93753;0.74402;0.028829;0.0021067;0;0.006238;0.006238;0.006238
154;0.026168;0.0055166;0;0.92255;0.86726;0.92388;0.73706;0.02893;0.0020839;0;0.0062132;0.0062132;0.0062132
155;0.026476;0.0054843;0;0.91323;0.83829;0.91334;0.72653;0.030663;0.0020698;0;0.0061885;0.0061885;0.0061885
156;0.026394;0.0055856;0;0.8847;0.87611;0.92193;0.7317;0.0305;0.0022259;0;0.0061637;0.0061637;0.0061637
157;0.027286;0.0054794;0;0.92196;0.87611;0.92277;0.71279;0.032223;0.0021452;0;0.006139;0.006139;0.006139
158;0.027793;0.005588;0;0.90108;0.80616;0.91426;0.71789;0.028761;0.0022017;0;0.0061142;0.0061142;0.0061142
159;0.025832;0.0056474;0;0.94191;0.81416;0.92746;0.74297;0.031118;0.0021429;0;0.0060895;0.0060895;0.0060895
160;0.026489;0.0052967;0;0.94296;0.87781;0.93466;0.75241;0.025637;0.0020678;0;0.0060647;0.0060647;0.0060647
161;0.028452;0.0056423;0;0.88328;0.88496;0.92792;0.7199;0.026784;0.0021542;0;0.00604;0.00604;0.00604
162;0.026348;0.0056175;0;0.91889;0.85841;0.93259;0.74546;0.031152;0.0021244;0;0.0060152;0.0060152;0.0060152
163;0.02608;0.0054928;0;0.95479;0.85841;0.94036;0.7319;0.030525;0.0021167;0;0.0059905;0.0059905;0.0059905
164;0.0271;0.0057548;0;0.95264;0.84956;0.92714;0.72647;0.027955;0.0022117;0;0.0059658;0.0059658;0.0059658
165;0.026985;0.005636;0;0.94911;0.86726;0.94021;0.75361;0.029962;0.0020585;0;0.005941;0.005941;0.005941
166;0.026254;0.0055733;0;0.90819;0.87539;0.9232;0.70573;0.027496;0.0022722;0;0.0059163;0.0059163;0.0059163
167;0.025669;0.0055175;0;0.90614;0.83186;0.89832;0.73434;0.028726;0.0022046;0;0.0058915;0.0058915;0.0058915
168;0.025323;0.0056033;0;0.91017;0.89672;0.93068;0.72144;0.02815;0.0021604;0;0.0058668;0.0058668;0.0058668
169;0.025808;0.0056473;0;0.91874;0.9005;0.93512;0.73889;0.027285;0.0021397;0;0.005842;0.005842;0.005842
170;0.025042;0.0054887;0;0.90818;0.84071;0.92105;0.7256;0.026744;0.0022822;0;0.0058173;0.0058173;0.0058173
171;0.02621;0.005449;0;0.8779;0.86726;0.92078;0.73123;0.026979;0.0021572;0;0.0057925;0.0057925;0.0057925
172;0.025791;0.0055067;0;0.85276;0.87131;0.90282;0.69696;0.026329;0.002304;0;0.0057678;0.0057678;0.0057678
173;0.023405;0.0055408;0;0.90007;0.87676;0.91592;0.72268;0.026465;0.0022323;0;0.005743;0.005743;0.005743
174;0.024636;0.0052933;0;0.93066;0.86726;0.92455;0.7126;0.02657;0.0022215;0;0.0057183;0.0057183;0.0057183
175;0.025459;0.0054009;0;0.9162;0.8708;0.92259;0.72125;0.030999;0.0023181;0;0.0056935;0.0056935;0.0056935
176;0.025144;0.0054614;0;0.88294;0.86773;0.91282;0.70048;0.031342;0.0023548;0;0.0056688;0.0056688;0.0056688
177;0.025471;0.0053676;0;0.90872;0.88097;0.93931;0.73355;0.027623;0.0021381;0;0.005644;0.005644;0.005644
178;0.025211;0.0054524;0;0.90045;0.88052;0.94153;0.75194;0.023891;0.0021009;0;0.0056193;0.0056193;0.0056193
179;0.024896;0.0053972;0;0.95112;0.86104;0.94491;0.74827;0.024916;0.0021274;0;0.0055945;0.0055945;0.0055945
180;0.024223;0.005389;0;0.945;0.83186;0.92162;0.72048;0.025699;0.0021435;0;0.0055698;0.0055698;0.0055698
181;0.024086;0.0053104;0;0.93129;0.87611;0.92584;0.72853;0.025141;0.0021389;0;0.005545;0.005545;0.005545
182;0.024753;0.0052295;0;0.93853;0.86726;0.933;0.73146;0.028246;0.0021287;0;0.0055202;0.0055202;0.0055202
183;0.024856;0.0052996;0;0.93373;0.87611;0.94571;0.73855;0.031777;0.002014;0;0.0054955;0.0054955;0.0054955
184;0.02567;0.0053472;0;0.93451;0.88391;0.94305;0.73514;0.027944;0.0020843;0;0.0054707;0.0054707;0.0054707
185;0.025266;0.0053673;0;0.94908;0.87611;0.93813;0.72876;0.027372;0.0020945;0;0.005446;0.005446;0.005446
186;0.024428;0.0054622;0;0.94333;0.84956;0.94463;0.73232;0.029101;0.002074;0;0.0054212;0.0054212;0.0054212
187;0.024909;0.005423;0;0.9505;0.87611;0.93983;0.73937;0.029165;0.0020432;0;0.0053965;0.0053965;0.0053965
188;0.026059;0.0052775;0;0.89922;0.8686;0.93635;0.73429;0.028325;0.0021381;0;0.0053717;0.0053717;0.0053717
189;0.024629;0.0053103;0;0.91782;0.88952;0.94775;0.74317;0.026882;0.0020944;0;0.005347;0.005347;0.005347
190;0.025009;0.0054113;0;0.90522;0.84518;0.93772;0.73458;0.027413;0.0021541;0;0.0053223;0.0053223;0.0053223
191;0.022987;0.0052858;0;0.92996;0.88496;0.9465;0.73953;0.0285;0.0021238;0;0.0052975;0.0052975;0.0052975
192;0.023914;0.0051846;0;0.94998;0.84033;0.93753;0.7384;0.027753;0.0021474;0;0.0052727;0.0052727;0.0052727
193;0.023101;0.0051372;0;0.96818;0.80774;0.9465;0.73358;0.027974;0.0021171;0;0.005248;0.005248;0.005248
194;0.023388;0.0050871;0;0.93913;0.83186;0.95005;0.73405;0.028792;0.0021627;0;0.0052233;0.0052233;0.0052233
195;0.023611;0.0051517;0;0.93224;0.85225;0.9442;0.7514;0.026758;0.0021291;0;0.0051985;0.0051985;0.0051985
196;0.025131;0.0050533;0;0.9645;0.84071;0.93366;0.74609;0.029184;0.0020957;0;0.0051737;0.0051737;0.0051737
197;0.024537;0.0052701;0;0.8943;0.87611;0.93672;0.74925;0.030799;0.0021042;0;0.005149;0.005149;0.005149
198;0.024566;0.0052519;0;0.90044;0.88044;0.9136;0.72196;0.031601;0.0021893;0;0.0051243;0.0051243;0.0051243
199;0.02355;0.0053147;0;0.91024;0.89745;0.92689;0.72577;0.031749;0.0021715;0;0.0050995;0.0050995;0.0050995
200;0.022549;0.0051606;0;0.91634;0.87242;0.92772;0.73062;0.029328;0.0021527;0;0.0050747;0.0050747;0.0050747
201;0.022446;0.0050468;0;0.90741;0.86732;0.93442;0.73464;0.029762;0.0020796;0;0.00505;0.00505;0.00505
202;0.023543;0.0050901;0;0.9507;0.85321;0.93425;0.74806;0.029656;0.0020433;0;0.0050253;0.0050253;0.0050253
203;0.02445;0.0050513;0;0.92394;0.86002;0.93399;0.7509;0.030108;0.0019905;0;0.0050005;0.0050005;0.0050005
204;0.023314;0.0049257;0;0.91588;0.86712;0.92918;0.72923;0.031633;0.0020552;0;0.0049758;0.0049758;0.0049758
205;0.024206;0.0049186;0;0.94227;0.86673;0.9264;0.73705;0.030675;0.00203;0;0.004951;0.004951;0.004951
206;0.024672;0.0052918;0;0.93274;0.87611;0.93017;0.73651;0.03065;0.0020262;0;0.0049263;0.0049263;0.0049263
207;0.023124;0.004883;0;0.91672;0.87611;0.93321;0.74487;0.03004;0.0020022;0;0.0049015;0.0049015;0.0049015
208;0.023273;0.0048867;0;0.90834;0.89381;0.94449;0.74868;0.029229;0.0019619;0;0.0048768;0.0048768;0.0048768
209;0.022945;0.00489;0;0.89698;0.92468;0.94225;0.74519;0.028226;0.0019612;0;0.004852;0.004852;0.004852
210;0.023125;0.004948;0;0.9062;0.9115;0.94675;0.75867;0.026909;0.0019427;0;0.0048272;0.0048272;0.0048272
211;0.023557;0.0050615;0;0.93539;0.89684;0.94936;0.77158;0.027471;0.0019467;0;0.0048025;0.0048025;0.0048025
212;0.02329;0.004818;0;0.94325;0.88257;0.95105;0.77224;0.027991;0.0019529;0;0.0047778;0.0047778;0.0047778
213;0.02449;0.0049807;0;0.96104;0.87322;0.95261;0.77577;0.026783;0.0019085;0;0.004753;0.004753;0.004753
214;0.023625;0.0049341;0;0.97999;0.86676;0.95937;0.77382;0.026656;0.0018891;0;0.0047283;0.0047283;0.0047283
215;0.024166;0.0051193;0;0.95172;0.87232;0.95832;0.77225;0.027608;0.0018805;0;0.0047035;0.0047035;0.0047035
216;0.022225;0.0048493;0;0.92811;0.87611;0.9553;0.77393;0.027891;0.0019225;0;0.0046788;0.0046788;0.0046788
217;0.023018;0.0050467;0;0.95346;0.85841;0.94824;0.76063;0.027294;0.0020217;0;0.004654;0.004654;0.004654
218;0.02363;0.0047063;0;0.9028;0.90417;0.94692;0.75505;0.028086;0.0020512;0;0.0046293;0.0046293;0.0046293
219;0.021651;0.0047661;0;0.90897;0.88369;0.94497;0.75771;0.028026;0.0020966;0;0.0046045;0.0046045;0.0046045
220;0.022758;0.0049645;0;0.92684;0.89698;0.95088;0.75406;0.027343;0.0020866;0;0.0045798;0.0045798;0.0045798
221;0.023361;0.0049517;0;0.8667;0.9115;0.95207;0.75184;0.026349;0.0021325;0;0.004555;0.004555;0.004555
222;0.022577;0.0049464;0;0.95029;0.84584;0.95519;0.76072;0.024961;0.0020717;0;0.0045303;0.0045303;0.0045303
223;0.023515;0.0050528;0;0.95952;0.83186;0.95378;0.76024;0.024954;0.0020223;0;0.0045055;0.0045055;0.0045055
224;0.022084;0.004861;0;0.95078;0.84956;0.94601;0.76032;0.0259;0.0020149;0;0.0044808;0.0044808;0.0044808
225;0.022269;0.0049014;0;0.94203;0.86289;0.9444;0.77131;0.026651;0.0019977;0;0.004456;0.004456;0.004456
226;0.022296;0.0051661;0;0.95122;0.86282;0.9538;0.77892;0.025975;0.0019327;0;0.0044313;0.0044313;0.0044313
227;0.021013;0.0047018;0;0.94199;0.87611;0.95562;0.78334;0.025958;0.0019277;0;0.0044065;0.0044065;0.0044065
228;0.02164;0.0047736;0;0.93826;0.87611;0.95655;0.78183;0.026505;0.0019348;0;0.0043818;0.0043818;0.0043818
229;0.021898;0.0049179;0;0.93907;0.88496;0.95503;0.78545;0.026802;0.0019592;0;0.004357;0.004357;0.004357
230;0.022947;0.0047436;0;0.93494;0.89021;0.95252;0.77838;0.027977;0.0019672;0;0.0043323;0.0043323;0.0043323
231;0.023645;0.004877;0;0.9269;0.89775;0.95288;0.78112;0.028844;0.0019712;0;0.0043075;0.0043075;0.0043075
232;0.021226;0.0047431;0;0.93999;0.89381;0.95301;0.78085;0.02866;0.0019941;0;0.0042828;0.0042828;0.0042828
233;0.021854;0.0045847;0;0.94042;0.90265;0.954;0.78312;0.028558;0.0019825;0;0.004258;0.004258;0.004258
234;0.021266;0.0050957;0;0.9529;0.89516;0.95302;0.77561;0.028445;0.0019922;0;0.0042333;0.0042333;0.0042333
235;0.023211;0.0048163;0;0.96143;0.88243;0.95335;0.77538;0.0282;0.0019708;0;0.0042085;0.0042085;0.0042085
236;0.022205;0.0045727;0;0.93772;0.93266;0.95919;0.76767;0.028222;0.0020019;0;0.0041837;0.0041837;0.0041837
237;0.023229;0.0047777;0;0.90318;0.9469;0.95316;0.75889;0.028135;0.0020399;0;0.004159;0.004159;0.004159
238;0.021096;0.004997;0;0.95338;0.88496;0.95244;0.7651;0.028096;0.0020324;0;0.0041342;0.0041342;0.0041342
239;0.022641;0.0046362;0;0.94471;0.90729;0.95751;0.75673;0.028207;0.0020398;0;0.0041095;0.0041095;0.0041095
240;0.023677;0.004709;0;0.92815;0.90265;0.95314;0.75949;0.028575;0.002075;0;0.0040847;0.0040847;0.0040847
241;0.020755;0.0047111;0;0.94893;0.9115;0.96011;0.75466;0.028743;0.0020859;0;0.00406;0.00406;0.00406
242;0.02228;0.0047224;0;0.95911;0.88496;0.95302;0.75855;0.028142;0.0021001;0;0.0040352;0.0040352;0.0040352
243;0.021308;0.0047935;0;0.95041;0.90265;0.96108;0.75278;0.02766;0.0021106;0;0.0040105;0.0040105;0.0040105
244;0.022091;0.0048291;0;0.96633;0.88496;0.96069;0.75077;0.027227;0.0021401;0;0.0039857;0.0039857;0.0039857
245;0.020964;0.0045881;0;0.97724;0.88496;0.96193;0.75651;0.027445;0.0021254;0;0.003961;0.003961;0.003961
246;0.02297;0.004625;0;0.97673;0.88496;0.96113;0.75745;0.027797;0.0021341;0;0.0039362;0.0039362;0.0039362
247;0.021218;0.0047704;0;0.95282;0.89367;0.95878;0.75636;0.028127;0.0021407;0;0.0039115;0.0039115;0.0039115
248;0.020931;0.0046374;0;0.95317;0.90057;0.95795;0.75935;0.027193;0.0021478;0;0.0038867;0.0038867;0.0038867
249;0.021383;0.0046784;0;0.96101;0.8725;0.95895;0.75896;0.025703;0.0021457;0;0.003862;0.003862;0.003862
250;0.021731;0.0045768;0;0.94214;0.90265;0.96135;0.76504;0.025325;0.002113;0;0.0038372;0.0038372;0.0038372
251;0.020962;0.0047664;0;0.9555;0.88496;0.96126;0.76453;0.02523;0.0021378;0;0.0038125;0.0038125;0.0038125
252;0.020634;0.0045353;0;0.95465;0.90265;0.96409;0.76543;0.025858;0.0021118;0;0.0037878;0.0037878;0.0037878
253;0.021959;0.0049628;0;0.93936;0.9115;0.96081;0.76517;0.026297;0.0021378;0;0.003763;0.003763;0.003763
254;0.021194;0.0045848;0;0.9437;0.9115;0.96335;0.7639;0.026223;0.0021366;0;0.0037383;0.0037383;0.0037383
255;0.022006;0.0045768;0;0.96252;0.90911;0.96451;0.76524;0.026502;0.0021174;0;0.0037135;0.0037135;0.0037135
256;0.022218;0.0048441;0;0.96235;0.90474;0.96582;0.77083;0.02671;0.0021144;0;0.0036888;0.0036888;0.0036888
257;0.020667;0.0046942;0;0.94683;0.89381;0.97111;0.76881;0.027062;0.0020924;0;0.003664;0.003664;0.003664
258;0.020827;0.0045474;0;0.9527;0.89133;0.97139;0.77353;0.027287;0.0020764;0;0.0036393;0.0036393;0.0036393
259;0.022994;0.0046801;0;0.95276;0.89252;0.96956;0.77532;0.027182;0.0020685;0;0.0036145;0.0036145;0.0036145
260;0.020965;0.0046779;0;0.93632;0.88496;0.96949;0.77744;0.02734;0.0020488;0;0.0035898;0.0035898;0.0035898
261;0.02054;0.0045339;0;0.95563;0.89381;0.96989;0.78118;0.027306;0.0020282;0;0.003565;0.003565;0.003565
262;0.020577;0.0046395;0;0.97051;0.87371;0.96172;0.77287;0.027075;0.002027;0;0.0035403;0.0035403;0.0035403
263;0.019955;0.0046127;0;0.91084;0.90401;0.96736;0.76778;0.026922;0.0020171;0;0.0035155;0.0035155;0.0035155
264;0.021598;0.0044957;0;0.91115;0.90756;0.96527;0.76713;0.026859;0.0020615;0;0.0034908;0.0034908;0.0034908
265;0.021982;0.0046513;0;0.93447;0.88342;0.96592;0.77017;0.026634;0.0020801;0;0.003466;0.003466;0.003466
266;0.020918;0.0044156;0;0.92537;0.87783;0.96173;0.76336;0.026756;0.0020965;0;0.0034413;0.0034413;0.0034413
267;0.019327;0.0043874;0;0.9254;0.87823;0.96017;0.76181;0.026818;0.002117;0;0.0034165;0.0034165;0.0034165
268;0.02223;0.0045363;0;0.89486;0.90383;0.96134;0.76093;0.026818;0.0021006;0;0.0033918;0.0033918;0.0033918
269;0.019197;0.0043576;0;0.92134;0.88496;0.96243;0.76723;0.026736;0.0021014;0;0.003367;0.003367;0.003367
270;0.022182;0.0044702;0;0.94285;0.876;0.96115;0.76565;0.027058;0.0021015;0;0.0033423;0.0033423;0.0033423
271;0.020437;0.0043447;0;0.94214;0.89381;0.96067;0.76127;0.027204;0.0021049;0;0.0033175;0.0033175;0.0033175
272;0.020081;0.0043049;0;0.93545;0.89781;0.96017;0.7572;0.027358;0.0021094;0;0.0032928;0.0032928;0.0032928
273;0.019942;0.0042974;0;0.93495;0.89042;0.95553;0.75965;0.027407;0.0020974;0;0.003268;0.003268;0.003268
274;0.021326;0.0046454;0;0.9322;0.89381;0.95581;0.76419;0.027527;0.0020958;0;0.0032433;0.0032433;0.0032433
275;0.018951;0.0044149;0;0.92748;0.90539;0.96476;0.76679;0.027608;0.0020926;0;0.0032185;0.0032185;0.0032185
276;0.020329;0.0047598;0;0.97079;0.88237;0.96163;0.77104;0.027799;0.0020765;0;0.0031938;0.0031938;0.0031938
277;0.019228;0.0041855;0;0.96819;0.88496;0.96277;0.7732;0.027948;0.0020656;0;0.003169;0.003169;0.003169
278;0.020467;0.0045342;0;0.97021;0.88496;0.96192;0.77346;0.027834;0.0020623;0;0.0031443;0.0031443;0.0031443
279;0.021147;0.0046642;0;0.96098;0.87177;0.95473;0.77016;0.027952;0.0020619;0;0.0031195;0.0031195;0.0031195
280;0.019731;0.0045011;0;0.96084;0.8685;0.95544;0.77468;0.028109;0.0020597;0;0.0030948;0.0030948;0.0030948
281;0.018324;0.0044164;0;0.91839;0.90265;0.95621;0.7742;0.028249;0.0020657;0;0.00307;0.00307;0.00307
282;0.019514;0.0043933;0;0.9167;0.90265;0.95587;0.77675;0.02835;0.0020539;0;0.0030452;0.0030452;0.0030452
283;0.019211;0.0042515;0;0.9443;0.90023;0.95575;0.77755;0.028471;0.0020407;0;0.0030205;0.0030205;0.0030205
284;0.018778;0.004327;0;0.94024;0.90265;0.95396;0.77901;0.028441;0.0020375;0;0.0029957;0.0029957;0.0029957
285;0.018892;0.0042498;0;0.94087;0.90265;0.96036;0.77776;0.028342;0.0020446;0;0.002971;0.002971;0.002971
286;0.019554;0.0044912;0;0.94391;0.89358;0.95954;0.77742;0.028179;0.0020616;0;0.0029462;0.0029462;0.0029462
287;0.02003;0.0045367;0;0.91821;0.90265;0.95748;0.77429;0.028091;0.0020714;0;0.0029215;0.0029215;0.0029215
288;0.020045;0.0043603;0;0.89903;0.90265;0.95578;0.77295;0.02788;0.00208;0;0.0028967;0.0028967;0.0028967
289;0.020763;0.0044027;0;0.97952;0.84648;0.95566;0.77084;0.027695;0.0020687;0;0.002872;0.002872;0.002872
290;0.018646;0.0043274;0;0.97954;0.84749;0.95387;0.77428;0.027624;0.002066;0;0.0028472;0.0028472;0.0028472
291;0.019645;0.0043183;0;0.97955;0.8479;0.95254;0.77557;0.027858;0.0020697;0;0.0028225;0.0028225;0.0028225
292;0.02021;0.0042921;0;0.94316;0.88107;0.95132;0.7743;0.027899;0.0020726;0;0.0027977;0.0027977;0.0027977
293;0.018593;0.0042587;0;0.89489;0.90411;0.95041;0.771;0.027991;0.002075;0;0.002773;0.002773;0.002773
294;0.019149;0.0042685;0;0.94243;0.86931;0.94965;0.77448;0.028163;0.0020685;0;0.0027482;0.0027482;0.0027482
295;0.018765;0.0042873;0;0.94175;0.85845;0.94292;0.77943;0.028231;0.0020674;0;0.0027235;0.0027235;0.0027235
296;0.019289;0.0042063;0;0.9477;0.85841;0.94347;0.7811;0.028203;0.0020629;0;0.0026987;0.0026987;0.0026987
297;0.019389;0.0042387;0;0.91053;0.89381;0.944;0.78092;0.028015;0.0020589;0;0.002674;0.002674;0.002674
298;0.019845;0.0041818;0;0.9106;0.89381;0.94564;0.77816;0.028014;0.0020512;0;0.0026492;0.0026492;0.0026492
299;0.019663;0.0044405;0;0.91851;0.89779;0.94479;0.77777;0.028067;0.0020458;0;0.0026245;0.0026245;0.0026245
300;0.017065;0.0041935;0;0.91028;0.89381;0.9493;0.78011;0.028168;0.0020539;0;0.0025997;0.0025997;0.0025997
301;0.01891;0.004263;0;0.91759;0.88684;0.94846;0.78308;0.028197;0.0020594;0;0.002575;0.002575;0.002575
302;0.019655;0.0042422;0;0.91768;0.88788;0.94799;0.77988;0.02815;0.0020641;0;0.0025503;0.0025503;0.0025503
303;0.018559;0.0041246;0;0.91781;0.88938;0.94291;0.78093;0.028164;0.0020677;0;0.0025255;0.0025255;0.0025255
304;0.01882;0.0041271;0;0.927;0.89903;0.95571;0.78138;0.028136;0.0020728;0;0.0025008;0.0025008;0.0025008
305;0.018664;0.0042441;0;0.92682;0.89661;0.95406;0.78448;0.028261;0.0020753;0;0.002476;0.002476;0.002476
306;0.01897;0.0042247;0;0.92625;0.89381;0.95375;0.7817;0.028229;0.0020754;0;0.0024513;0.0024513;0.0024513
307;0.018522;0.0041097;0;0.93032;0.89381;0.95913;0.78578;0.028105;0.0020675;0;0.0024265;0.0024265;0.0024265
308;0.018726;0.0041381;0;0.9345;0.89381;0.95905;0.78564;0.028058;0.0020657;0;0.0024018;0.0024018;0.0024018
309;0.017625;0.0040457;0;0.94094;0.89381;0.95879;0.78383;0.028046;0.0020592;0;0.002377;0.002377;0.002377
310;0.018183;0.0041058;0;0.94183;0.89381;0.95885;0.78519;0.028061;0.0020606;0;0.0023523;0.0023523;0.0023523
311;0.018763;0.0041811;0;0.94071;0.89381;0.95932;0.78704;0.028034;0.0020618;0;0.0023275;0.0023275;0.0023275
312;0.019351;0.0040108;0;0.94364;0.88903;0.9599;0.79443;0.027866;0.0020629;0;0.0023028;0.0023028;0.0023028
313;0.018311;0.0041488;0;0.94352;0.88707;0.96041;0.79517;0.027807;0.0020598;0;0.002278;0.002278;0.002278
314;0.018245;0.0041211;0;0.94368;0.88972;0.96052;0.79435;0.027775;0.0020559;0;0.0022533;0.0022533;0.0022533
315;0.017857;0.0039219;0;0.94379;0.89146;0.9606;0.79192;0.02782;0.0020525;0;0.0022285;0.0022285;0.0022285
316;0.017535;0.004066;0;0.94244;0.88496;0.96069;0.7937;0.027721;0.0020501;0;0.0022038;0.0022038;0.0022038
317;0.017855;0.0038428;0;0.93779;0.87611;0.95168;0.78818;0.027561;0.0020553;0;0.002179;0.002179;0.002179
318;0.018193;0.0039659;0;0.94076;0.87611;0.95186;0.79235;0.027497;0.0020573;0;0.0021543;0.0021543;0.0021543
319;0.018053;0.0041461;0;0.94092;0.87611;0.95177;0.79189;0.027425;0.0020553;0;0.0021295;0.0021295;0.0021295
320;0.017018;0.0040713;0;0.94085;0.87611;0.95208;0.79296;0.027268;0.0020582;0;0.0021048;0.0021048;0.0021048
321;0.01786;0.0041018;0;0.94107;0.87611;0.95287;0.79158;0.027041;0.002054;0;0.00208;0.00208;0.00208
322;0.017633;0.0040925;0;0.93484;0.87611;0.95239;0.78627;0.027024;0.002058;0;0.0020553;0.0020553;0.0020553
323;0.018781;0.0040874;0;0.93486;0.88906;0.95255;0.78359;0.027047;0.0020618;0;0.0020305;0.0020305;0.0020305
324;0.017196;0.004009;0;0.93494;0.89018;0.95227;0.78344;0.027081;0.0020599;0;0.0020058;0.0020058;0.0020058
325;0.017904;0.003929;0;0.93483;0.88862;0.95261;0.78662;0.027043;0.00206;0;0.001981;0.001981;0.001981
326;0.017326;0.0040076;0;0.93475;0.88745;0.95269;0.78699;0.027073;0.0020595;0;0.0019563;0.0019563;0.0019563
327;0.015725;0.0038163;0;0.94333;0.8839;0.95238;0.78397;0.027108;0.0020616;0;0.0019315;0.0019315;0.0019315
328;0.017593;0.0039455;0;0.9357;0.87611;0.95214;0.78489;0.027179;0.0020602;0;0.0019068;0.0019068;0.0019068
329;0.016625;0.004058;0;0.93493;0.89009;0.95247;0.78562;0.027164;0.0020601;0;0.001882;0.001882;0.001882
330;0.016961;0.0039566;0;0.9275;0.88496;0.95243;0.78236;0.027133;0.0020566;0;0.0018572;0.0018572;0.0018572
331;0.018417;0.0039601;0;0.92631;0.88991;0.95276;0.78129;0.027049;0.002049;0;0.0018325;0.0018325;0.0018325
332;0.017204;0.0038271;0;0.9263;0.88989;0.95362;0.78232;0.02703;0.0020445;0;0.0018077;0.0018077;0.0018077
333;0.016943;0.0038867;0;0.92684;0.89698;0.95377;0.78269;0.027034;0.002038;0;0.001783;0.001783;0.001783
334;0.01795;0.0040345;0;0.94193;0.88496;0.95456;0.78466;0.026987;0.0020333;0;0.0017582;0.0017582;0.0017582
335;0.01684;0.0039727;0;0.93691;0.88496;0.95455;0.78629;0.026956;0.002035;0;0.0017335;0.0017335;0.0017335
336;0.016789;0.0037688;0;0.93507;0.88496;0.95478;0.78588;0.026935;0.0020331;0;0.0017087;0.0017087;0.0017087
337;0.016847;0.0039796;0;0.94388;0.893;0.95486;0.78457;0.026917;0.0020372;0;0.001684;0.001684;0.001684
338;0.017651;0.0041255;0;0.94331;0.89381;0.955;0.78711;0.02691;0.0020384;0;0.0016592;0.0016592;0.0016592
339;0.016114;0.0037676;0;0.94228;0.89381;0.9551;0.78553;0.026906;0.0020425;0;0.0016345;0.0016345;0.0016345
340;0.016833;0.0037285;0;0.95322;0.90171;0.96389;0.78595;0.026913;0.0020465;0;0.0016097;0.0016097;0.0016097
341;0.018086;0.0039271;0;0.93818;0.88496;0.95494;0.78561;0.026924;0.0020506;0;0.001585;0.001585;0.001585
342;0.016763;0.0040039;0;0.94488;0.89381;0.96384;0.78591;0.026957;0.0020584;0;0.0015602;0.0015602;0.0015602
343;0.017186;0.0039993;0;0.94448;0.89381;0.96283;0.78583;0.027011;0.0020643;0;0.0015355;0.0015355;0.0015355
344;0.017123;0.0039005;0;0.94653;0.89381;0.96267;0.78555;0.027046;0.0020643;0;0.0015107;0.0015107;0.0015107
345;0.016497;0.0039825;0;0.94874;0.89381;0.96224;0.786;0.02706;0.0020648;0;0.001486;0.001486;0.001486
346;0.015846;0.0037964;0;0.95134;0.89381;0.96185;0.78485;0.027106;0.0020707;0;0.0014612;0.0014612;0.0014612
347;0.017693;0.0039648;0;0.95279;0.89381;0.96136;0.7845;0.027145;0.0020748;0;0.0014365;0.0014365;0.0014365
348;0.017536;0.0037084;0;0.9433;0.88335;0.9455;0.7824;0.027187;0.0020814;0;0.0014117;0.0014117;0.0014117
349;0.016698;0.0037719;0;0.94284;0.87581;0.95241;0.78249;0.027219;0.0020853;0;0.001387;0.001387;0.001387
350;0.01596;0.0035714;0;0.94324;0.8824;0.95229;0.7807;0.027198;0.002089;0;0.0013622;0.0013622;0.0013622
351;0.016143;0.0037268;0;0.94317;0.88124;0.95163;0.77884;0.027184;0.0020933;0;0.0013375;0.0013375;0.0013375
352;0.016534;0.0037621;0;0.94315;0.88083;0.95173;0.78115;0.027168;0.0020978;0;0.0013128;0.0013128;0.0013128
353;0.015657;0.0038211;0;0.93753;0.87611;0.95171;0.781;0.027142;0.0020995;0;0.001288;0.001288;0.001288
354;0.01584;0.0037373;0;0.93678;0.87611;0.95162;0.77936;0.027146;0.002104;0;0.0012633;0.0012633;0.0012633
355;0.016169;0.0037894;0;0.93801;0.87611;0.95117;0.77741;0.02713;0.0021049;0;0.0012385;0.0012385;0.0012385
356;0.015499;0.003776;0;0.93188;0.87611;0.95069;0.77642;0.027114;0.0021129;0;0.0012138;0.0012138;0.0012138
357;0.01683;0.0037372;0;0.92841;0.87611;0.95059;0.77674;0.027091;0.0021164;0;0.001189;0.001189;0.001189
358;0.016174;0.0036403;0;0.92616;0.87611;0.95059;0.77663;0.027013;0.0021209;0;0.0011643;0.0011643;0.0011643
359;0.016524;0.0036702;0;0.92738;0.87611;0.95048;0.77601;0.026954;0.0021238;0;0.0011395;0.0011395;0.0011395
360;0.01576;0.0037518;0;0.92777;0.87611;0.9502;0.7756;0.02698;0.0021284;0;0.0011148;0.0011148;0.0011148
361;0.015794;0.0036337;0;0.9278;0.87611;0.95027;0.77449;0.026953;0.0021331;0;0.00109;0.00109;0.00109
362;0.01691;0.0037184;0;0.92702;0.87611;0.95015;0.77351;0.026942;0.0021388;0;0.0010653;0.0010653;0.0010653
363;0.015996;0.0035454;0;0.92615;0.87611;0.94995;0.77335;0.026923;0.002143;0;0.0010405;0.0010405;0.0010405
364;0.015366;0.0036253;0;0.92387;0.87611;0.94961;0.77052;0.026958;0.0021468;0;0.0010158;0.0010158;0.0010158
365;0.016182;0.0037335;0;0.92348;0.87611;0.94974;0.7703;0.026917;0.0021493;0;0.000991;0.000991;0.000991
366;0.015271;0.0036918;0;0.92335;0.87611;0.94968;0.76988;0.026912;0.0021517;0;0.00096625;0.00096625;0.00096625
367;0.01484;0.0036828;0;0.92306;0.87611;0.9497;0.76833;0.026945;0.0021546;0;0.0009415;0.0009415;0.0009415
368;0.016246;0.0037696;0;0.92302;0.87611;0.94963;0.76801;0.026955;0.0021562;0;0.00091675;0.00091675;0.00091675
369;0.015009;0.0037583;0;0.92358;0.87611;0.94963;0.76798;0.026957;0.0021566;0;0.000892;0.000892;0.000892
370;0.014824;0.0036719;0;0.92399;0.87611;0.94969;0.76729;0.026947;0.0021592;0;0.00086725;0.00086725;0.00086725
371;0.014942;0.003475;0;0.92448;0.87611;0.94974;0.76727;0.026961;0.0021623;0;0.0008425;0.0008425;0.0008425
372;0.014375;0.003618;0;0.92512;0.87469;0.9501;0.76651;0.026953;0.0021644;0;0.00081775;0.00081775;0.00081775
373;0.016083;0.0035937;0;0.92495;0.87257;0.95018;0.76654;0.026927;0.0021673;0;0.000793;0.000793;0.000793
374;0.016178;0.0035175;0;0.92488;0.87163;0.95035;0.76498;0.026894;0.002169;0;0.00076825;0.00076825;0.00076825
375;0.013828;0.0034004;0;0.92481;0.87081;0.95024;0.76511;0.026907;0.0021715;0;0.0007435;0.0007435;0.0007435
376;0.014122;0.0036104;0;0.92481;0.87081;0.95033;0.76555;0.02689;0.002176;0;0.00071875;0.00071875;0.00071875
377;0.015048;0.0035586;0;0.9248;0.87064;0.95018;0.76386;0.026843;0.0021784;0;0.000694;0.000694;0.000694
378;0.014586;0.0035682;0;0.92176;0.86726;0.95017;0.76397;0.026818;0.0021821;0;0.00066925;0.00066925;0.00066925
379;0.014331;0.003521;0;0.92293;0.86726;0.94992;0.76464;0.026791;0.0021849;0;0.0006445;0.0006445;0.0006445
380;0.014285;0.0034568;0;0.91479;0.87611;0.95024;0.764;0.02678;0.0021862;0;0.00061975;0.00061975;0.00061975
381;0.013904;0.0035945;0;0.92055;0.86726;0.95008;0.76264;0.026787;0.002189;0;0.000595;0.000595;0.000595
382;0.014776;0.0034656;0;0.92344;0.86726;0.95017;0.76365;0.026774;0.0021919;0;0.00057025;0.00057025;0.00057025
383;0.013982;0.0037328;0;0.92314;0.86726;0.95051;0.76359;0.026763;0.0021934;0;0.0005455;0.0005455;0.0005455
384;0.013554;0.0033621;0;0.93289;0.87611;0.95936;0.76435;0.026766;0.0021948;0;0.00052075;0.00052075;0.00052075
385;0.014178;0.0036663;0;0.93334;0.87611;0.95938;0.76656;0.02676;0.0021961;0;0.000496;0.000496;0.000496
386;0.014161;0.0032719;0;0.93364;0.87611;0.95952;0.76531;0.02673;0.0021989;0;0.00047125;0.00047125;0.00047125
387;0.014938;0.0034229;0;0.93387;0.87611;0.95964;0.76485;0.026707;0.0022015;0;0.0004465;0.0004465;0.0004465
388;0.014322;0.0034886;0;0.9372;0.87611;0.95972;0.76365;0.026698;0.0022041;0;0.00042175;0.00042175;0.00042175
389;0.013085;0.0032746;0;0.93729;0.87611;0.95951;0.76402;0.026694;0.0022048;0;0.000397;0.000397;0.000397
390;0.013211;0.0034035;0;0.93667;0.87611;0.95938;0.76318;0.026703;0.0022073;0;0.00037225;0.00037225;0.00037225
391;0.013871;0.0036107;0;0.93593;0.87611;0.95884;0.76305;0.026697;0.0022107;0;0.0003475;0.0003475;0.0003475
392;0.012624;0.0032247;0;0.93559;0.87611;0.95874;0.76313;0.026687;0.0022132;0;0.00032275;0.00032275;0.00032275
393;0.013869;0.0035663;0;0.93555;0.87611;0.95851;0.76266;0.026695;0.002215;0;0.000298;0.000298;0.000298
394;0.013742;0.0033269;0;0.93512;0.87611;0.95858;0.76288;0.026696;0.0022178;0;0.00027325;0.00027325;0.00027325
395;0.013586;0.0034519;0;0.93348;0.87611;0.95857;0.76279;0.026695;0.0022194;0;0.0002485;0.0002485;0.0002485
396;0.01376;0.0035202;0;0.93301;0.87611;0.95857;0.76349;0.026687;0.0022225;0;0.00022375;0.00022375;0.00022375
397;0.012997;0.0034751;0;0.93052;0.87611;0.95842;0.7639;0.026675;0.0022256;0;0.000199;0.000199;0.000199
398;0.013995;0.0033652;0;0.92442;0.88496;0.95836;0.7637;0.026687;0.0022272;0;0.00017425;0.00017425;0.00017425
399;0.013946;0.0034479;0;0.92432;0.88496;0.95847;0.76375;0.026671;0.00223;0;0.0001495;0.0001495;0.0001495
